Nitrat;huek_250_he;buek_200_bodtyp;clc5_2018;gk_1000;humus_1000;hyraum_tr;Thuenen_2019;mundialis;NDVI
9.74;573;14;16;579;5;3103;888;10;8769
5.7;559;2;16;752;7;3103;888;10;8909
4.3;1068;2;17;747;8;10101;888;10;8787
6.8;1068;2;17;807;8;10101;888;10;8276
3.942105263;1068;2;18;834;8;10101;888;10;8074
2.35;1068;4;17;747;8;10101;888;10;8260
6.32;559;3;17;807;7;10101;888;10;8344
3.15625;1068;2;17;842;7;10101;555;20;6683
11.14;537;28;16;602;7;6203;888;10;8657
2.5;559;3;17;612;7;6202;888;20;8331
9.553846154;548;13;15;610;7;6202;555;10;7856
5.65;537;34;17;602;7;6203;888;10;8325
38.9875;537;28;15;602;7;6203;34;20;7773
10.82222222;544;17;17;602;7;6203;888;10;8442
28.59166667;469;32;15;602;7;6203;10;20;7820
25.55882353;530;28;18;598;7;6203;888;10;7740
12.22222222;467;5;15;24;5;6301;888;20;7850
34.35263158;544;28;16;602;7;6203;10;20;7803
27.04;524;2;15;598;5;6301;10;20;7270
18.75;505;32;15;579;7;6402;888;40;6995
3.625;505;17;17;579;7;6302;888;10;7866
33.3;530;28;16;602;7;6203;888;40;7199
19.4;464;17;15;594;5;6301;888;40;6993
3.1;303;28;18;579;7;6402;888;10;8187
5.75625;557;2;18;610;7;6201;888;10;8469
7.82;515;2;16;596;7;6301;888;20;8383
7.3875;571;28;15;579;12;6402;888;20;5131
30.4;290;14;15;516;5;4104;555;10;7087
12.72222222;287;2;18;98;7;4101;888;10;8389
8.8375;559;32;2;612;7;6201;888;40;7645
13.44;303;17;2;579;7;6402;888;20;6333
0.5;290;34;17;98;8;4101;888;10;8202
9.2125;524;28;16;598;7;6301;555;10;8620
10.32307692;517;2;16;596;7;6301;555;10;8618
12.21428571;517;34;17;596;7;6301;888;10;8560
8.954545455;568;28;12;514;7;6402;41;60;7675
48.77727273;299;14;15;113;8;4104;10;20;7084
4.01;286;17;18;514;8;4101;888;10;8662
23.45;537;28;15;603;5;6203;10;20;7332
27.3;321;5;18;24;5;4104;888;20;7997
12.58333333;321;14;18;113;8;4104;888;10;7920
45.87333333;544;15;15;604;7;6203;10;20;6325
29.66153846;469;32;3;607;7;6203;888;40;5802
4.16;517;2;18;596;7;6301;888;10;8545
7.7;515;2;17;596;7;6301;888;10;8707
35.98;324;14;15;515;7;4104;555;20;7064
10.42222222;286;2;17;223;8;4101;888;10;8114
27.55;290;14;18;98;8;4101;888;10;8464
24.275;517;2;18;596;7;6301;888;10;8682
14.875;517;2;17;596;7;6301;888;10;7954
73.62;324;14;15;305;8;4101;888;10;7413
16.2;321;12;12;113;3;4104;888;50;6815
42.4;524;34;15;598;5;6301;888;20;7408
4.24;516;2;16;597;7;6301;888;10;8431
7.32;517;2;16;597;7;6301;888;10;8382
12.28333333;324;2;17;514;7;4104;888;10;7675
19.25555556;286;2;17;305;7;4103;888;20;8103
21.65;495;2;17;579;5;6402;888;20;7220
31.43333333;324;32;3;24;7;4104;888;40;4867
4.8;502;2;18;807;7;3103;888;10;8602
3.955555556;1068;2;17;752;8;10101;888;10;8534
5.7;1068;2;16;807;8;10101;555;20;7885
0.65625;498;4;17;834;8;10101;888;10;8169
6.8;505;28;16;583;5;6302;888;10;8367
2.825;548;4;17;610;7;6202;888;10;7422
5.675;548;2;15;612;7;6202;555;10;7286
17.45;537;28;10;602;7;6203;888;40;5338
40.36;508;17;15;591;7;6301;10;20;7761
8.425;544;32;15;602;7;6203;10;20;8270
29.11176471;537;28;2;602;7;6203;888;40;7786
31.6875;524;2;15;598;7;6301;10;20;7424
3.75;505;2;15;583;7;6302;10;20;7643
64.4;544;14;1;607;12;6203;888;40;3287
10.5;559;2;17;612;7;6202;555;10;8151
15.275;530;32;7;602;7;6203;888;40;5567
8.1;505;17;15;583;7;6402;10;20;8054
31.68333333;286;17;12;514;7;6402;91;60;7728
27.23333333;469;32;15;444;7;6301;888;40;7462
6.3125;508;14;12;585;7;6302;888;10;7352
8.16;557;2;17;612;7;6201;888;20;7802
7.35;508;14;12;595;7;6302;888;20;8052
12.94;557;16;17;610;7;6201;888;10;8355
17.81333333;321;12;15;33;7;4104;10;20;7260
25.95;321;14;2;24;8;4104;888;40;5855
6.3;515;2;16;596;7;6301;888;10;8537
27.34;469;17;12;583;5;6302;160;20;6298
25.26363636;495;32;15;579;7;6402;888;20;7421
18.9125;537;28;2;604;5;6203;888;40;6515
1.31875;515;2;17;596;7;6301;888;10;8225
2.35;290;14;15;98;8;4101;10;20;7411
18.9;321;42;15;24;12;4104;160;20;7670
5.26;516;2;16;596;7;6301;888;10;8868
10.53333333;515;2;17;596;7;6302;888;10;8189
31.62666667;544;32;15;607;7;6203;555;20;6955
0.28;521;34;12;597;7;6301;888;40;6946
45.5;521;34;2;597;7;6301;555;20;6489
8.422222222;571;28;16;579;7;6402;888;20;8586
18.99;571;28;16;579;7;6402;888;10;7912
3.28;1068;2;17;834;8;10101;888;10;8422
2.066666667;548;4;3;610;12;6202;888;40;3965
7.533333333;1065;32;3;752;8;10101;888;40;7637
4.3;1065;2;17;752;7;6202;888;10;7806
18.1;469;32;3;602;7;6203;888;40;6370
15.74;469;32;3;602;7;6203;888;40;6196
19.025;469;32;3;607;12;6203;888;40;5180
17.51666667;290;14;16;98;8;4101;888;10;8197
33.20666667;530;17;12;598;5;6203;10;20;6667
1.069230769;505;2;17;579;7;6302;888;10;8384
29.22;469;32;3;94;5;6203;888;40;4242
39.9125;521;32;3;597;5;6301;888;40;4585
32.18;311;14;15;516;7;4101;91;20;7133
7.35;559;5;16;615;7;6201;888;20;6769
45.34;290;17;15;516;8;4101;10;20;7245
6.266666667;290;14;16;514;8;4101;888;20;8684
27.4;530;28;15;598;5;6203;10;20;5917
8.971428571;521;2;16;596;7;6301;555;10;8736
25.23333333;495;28;16;579;7;6402;888;20;7907
31.85;290;14;18;317;8;4101;888;10;8331
10.94;321;32;15;24;8;4104;888;20;6317
23.175;469;32;3;610;5;6203;888;20;5432
4.86;537;32;3;604;7;6203;888;40;5372
21.66;515;2;15;596;7;6301;888;20;7860
8.35;515;2;17;596;7;6301;888;10;8576
33.175;290;14;12;98;8;4101;555;20;7325
16.53333333;290;14;15;98;8;4101;10;20;8268
17.5;321;14;2;113;12;4104;888;40;6348
23.12;544;28;15;604;7;6203;888;20;6953
37.43125;517;2;16;596;7;6301;160;20;7223
52.23333333;290;14;15;514;8;4101;34;20;7411
1.6;308;5;2;24;8;4104;888;40;5745
31.10298507;569;5;3;579;5;6402;888;20;7844
2.42;263;32;3;85;5;3101;888;40;3927
3.45;559;2;17;615;8;6202;888;10;8541
15.6375;544;4;15;612;7;6202;10;20;8048
30.4;530;28;16;594;7;6203;888;10;8284
32.98888889;530;28;16;602;7;6203;888;20;8102
0.6;467;5;3;24;7;6301;888;50;4393
38.00666667;537;28;18;602;7;6203;888;20;7890
11.91428571;505;28;17;583;7;6302;888;10;8228
8.02;573;28;17;579;7;6402;888;10;8024
5.8;524;2;2;598;5;6301;888;40;5350
12.38;544;28;3;607;5;6203;888;40;5784
33.56190476;469;32;12;603;5;6301;555;20;6584
7.716666667;515;2;17;596;5;6301;888;10;8656
0.5;521;14;3;597;5;6301;888;40;4007
36.12222222;321;14;12;113;5;4104;91;20;6808
20.60833333;544;32;11;607;12;6203;888;20;4721
4.1;469;32;2;607;7;6203;888;20;6908
11.0125;290;17;16;98;8;4101;888;10;8319
5.977777778;505;17;16;579;7;6402;888;10;8700
23.86;321;14;2;113;5;4104;888;40;4935
3.16;1065;2;17;833;8;10101;888;10;8396
10.51;263;2;12;85;8;3101;888;40;5471
0.5;508;5;15;583;5;6302;888;20;7410
12.76666667;469;32;11;603;7;6203;888;20;5729
22.725;548;17;15;602;7;6203;888;20;7053
5.375;505;17;17;579;7;6302;888;10;8522
9.69;299;14;21;113;7;4101;888;20;6964
27.32727273;530;32;21;603;12;6203;999;20;7034
32.2;469;32;1;603;5;6203;555;20;4609
23.28;321;5;12;579;7;4104;91;20;7135
25.81875;521;32;12;597;5;6301;80;20;8287
50.1;508;15;2;585;7;6302;888;20;5000
6.725;505;28;16;579;7;6402;888;10;8782
42.66;544;28;2;604;7;6203;888;40;7784
47.83333333;321;14;12;113;5;4104;888;20;6255
51.6;524;34;12;598;5;6301;60;60;6301
27.21666667;524;17;15;598;5;6301;31;20;6560
0.366666667;521;5;2;597;7;6301;888;40;5865
16.83478261;482;17;12;512;5;6501;10;40;6323
8.266666667;267;17;7;24;7;3101;888;50;6449
6.476923077;263;14;12;65;5;3101;888;40;5197
4.8;503;3;15;615;7;10101;888;10;8412
22.1375;544;17;15;602;7;6203;10;20;7192
31.31666667;537;28;15;602;7;6203;888;20;7592
9.7;573;12;15;579;7;6402;555;20;6861
23.52;567;17;2;579;8;6402;888;10;6425
32.03;524;5;12;598;5;6301;888;20;6431
9.5;573;28;16;579;7;6402;888;20;8118
18.125;544;28;2;607;7;6203;888;40;6512
7.26;469;32;15;603;7;6203;555;20;6636
23.025;573;17;1;579;7;6402;888;40;6314
12.2;495;28;2;579;7;6402;888;20;5979
43.075;530;34;12;603;5;6203;10;10;6917
0.94;469;32;3;607;7;6203;888;40;4659
9.76;469;32;15;604;5;6203;888;20;6212
0.32;524;2;3;598;7;6301;888;40;5861
23.06;321;5;3;24;12;4104;888;40;5200
40.525;321;14;12;98;8;4104;91;60;6961
7.928571429;524;34;15;598;7;6301;555;20;7711
49.2;524;14;15;598;5;6301;888;40;5945
39.98;524;5;12;598;5;6301;92;60;5888
1.225;471;5;2;598;12;6301;888;10;5398
4.1;559;3;2;615;8;6202;888;10;6526
9.475;548;3;17;602;7;6202;888;10;8035
5.171428571;517;2;15;585;7;6301;10;20;7743
41.84;521;17;14;94;5;6301;999;40;6168
15.4;548;17;12;602;7;6203;10;20;6611
26.58333333;544;28;2;602;7;6203;888;20;5918
7.0375;469;32;15;579;7;6402;10;20;8036
4.175;505;17;15;583;7;6402;10;20;7819
27.90869565;524;32;12;598;5;6301;555;20;5389
53.66666667;508;14;12;585;5;6302;888;20;7277
10.86666667;290;14;12;24;7;4101;888;20;7957
50.42941176;548;17;12;607;5;6201;10;20;7107
45.96;544;17;2;607;5;6203;888;40;6176
17.46;303;17;2;579;7;6402;888;40;4615
23.94;495;28;15;579;7;6402;888;20;8048
20.7;321;5;12;24;5;4104;555;20;6912
14.65;321;14;15;98;3;4101;10;20;7027
41.81052632;557;32;16;612;7;6201;888;10;8341
40.94;530;28;3;603;5;6203;888;40;6395
3.14;524;34;12;598;5;6301;120;40;5981
13.03076923;324;5;1;24;12;4104;888;40;4120
39.675;567;28;16;512;7;6402;888;10;8523
5.55;557;3;18;610;7;6202;888;20;7873
15.2;548;4;15;610;7;6202;10;20;8099
41.775;544;14;3;607;12;6203;888;40;7129
13.775;557;32;3;615;7;6202;888;40;7057
25.55;548;17;2;602;7;6203;888;40;5349
32.95;524;14;15;598;5;6301;10;20;7069
29.3;505;32;3;583;7;6402;888;40;6845
17.425;469;32;3;583;7;6402;888;40;6068
7.64;505;28;16;579;7;6402;888;20;8396
31.86;290;14;15;223;5;4104;888;20;6625
20.46666667;537;32;15;603;5;6203;10;20;7168
6.36;495;28;15;579;7;6402;888;20;7681
19.55454545;321;5;14;113;7;4104;160;20;6668
11.08;469;32;3;604;7;6203;888;40;5734
70.07142857;321;14;15;113;7;4104;888;20;6473
33.49090909;321;32;16;24;5;4104;888;20;7483
27.05;321;14;15;98;8;4104;10;20;7773
61.8375;524;5;12;598;5;6301;91;40;6773
3.8;524;34;2;598;12;6203;888;40;5570
67.8625;482;17;12;511;5;6501;31;60;6178
20.57333333;530;2;17;602;7;6203;888;10;7104
14.68333333;557;2;15;612;7;6202;555;10;8017
22.73333333;465;32;10;607;12;6203;888;10;8139
18.25;544;34;3;602;7;6203;888;40;6070
13.04285714;544;28;15;602;7;6202;888;20;7802
2.866666667;515;34;15;594;7;6302;888;20;8046
11.3;505;17;3;579;7;6402;888;20;5372
15.0375;573;28;15;579;7;6402;10;20;7429
5.25;559;2;16;615;7;6201;888;10;7526
38.11428571;286;14;12;98;5;4101;34;60;6668
28.0875;537;28;12;604;7;6203;555;10;7706
7.15;524;2;2;598;12;6301;888;20;5516
4.366666667;524;14;12;598;5;6301;888;50;3977
17.8;524;2;15;598;5;6301;10;20;6858
46.03;290;14;12;514;7;4104;41;60;7337
0.825;321;14;12;98;8;4104;10;20;7289
19.6;321;14;15;113;8;4101;10;20;7835
14.2;515;5;2;596;5;6301;555;20;6082
1.84;524;5;2;598;5;6301;888;40;5426
10.125;568;28;2;579;7;6402;888;40;4403
62.06666667;480;14;12;512;5;6501;120;20;6661
2.68125;548;4;17;610;7;6202;888;10;8635
3.65;559;3;17;612;7;6202;888;10;8410
3.544444444;559;3;17;612;8;6202;888;10;8566
12.18;559;3;18;610;7;6202;888;10;8290
3.3125;548;4;15;610;7;6202;555;20;7667
19.7;524;2;15;602;7;6301;888;20;7111
20.7125;487;34;15;585;7;6301;10;20;7277
17.2;548;32;10;610;12;6203;888;10;7232
50.65;544;22;4;607;12;6203;888;40;2933
8.06;537;17;15;602;7;6203;10;20;7650
36.14;537;28;2;602;7;6203;888;40;7123
29.8;576;17;3;583;5;6402;888;40;4824
33.1125;521;17;2;597;5;6301;888;20;4664
28.975;505;32;1;579;12;6402;888;40;3395
37.1125;286;14;17;514;8;4101;888;10;7167
19.075;321;14;12;98;5;4101;10;20;7422
31;548;15;12;610;5;6201;10;20;6176
10.82;469;32;15;603;5;6203;60;20;7122
0.44;321;32;15;24;5;4104;555;10;6817
26.36666667;537;28;15;603;7;6203;160;20;7293
0.442857143;524;5;12;598;5;6301;91;60;6318
25.83125;324;2;17;98;8;4104;10;20;8091
36.46666667;324;26;2;516;5;4104;888;40;6205
2.5125;502;3;17;659;8;10101;888;10;8384
5.925;559;2;17;612;7;6202;888;10;8385
5.625;559;3;17;615;7;6202;888;10;8159
6.816666667;557;2;17;612;7;6202;888;10;8132
24.1875;263;14;3;659;7;3101;888;20;4763
41.925;524;14;2;598;5;6301;888;40;5936
27.75;548;15;16;610;5;6201;888;20;8397
58.58;286;17;15;514;5;6402;10;20;7156
17.46666667;321;5;15;98;8;4101;10;20;7634
58.8;521;17;12;597;5;6301;31;20;6564
8.566666667;290;14;15;98;7;4101;888;10;7668
35.29545455;537;32;15;603;5;6203;160;20;7568
2;524;2;12;598;5;6301;31;20;6176
2.86;524;2;12;598;5;6301;33;20;7192
31.82;524;2;12;598;5;6301;33;60;6295
0.5;321;12;15;98;8;4104;888;20;8009
48.24555556;267;32;12;24;12;3101;140;50;4828
5.128571429;321;32;3;24;7;6203;888;20;5752
34.75416667;267;32;15;24;5;3101;555;20;7498
3.38;1065;2;17;615;7;10101;888;10;7933
9.025;559;3;17;612;7;6202;888;10;7950
26.6;524;2;18;598;5;6203;888;20;6733
20.64166667;544;32;2;602;7;6203;888;20;7119
9.04;469;5;2;583;7;6302;888;20;7079
34.9;544;14;1;604;12;6203;888;40;3898
32.84;537;28;16;602;7;6203;555;20;7759
7.125;469;15;3;579;7;6402;888;20;5604
23.74;469;32;15;603;5;6203;10;60;7391
34.93333333;321;14;3;33;5;4104;888;40;4732
22.16;290;5;15;98;8;4104;160;20;7045
17.72;465;2;15;612;7;6201;555;20;5583
66.43333333;324;14;2;515;7;4104;888;20;7168
10.16;469;32;14;607;7;6203;555;20;6879
22.43076923;321;12;15;98;8;4104;555;20;7669
9.566666667;324;5;3;24;12;4104;888;40;4528
12.76666667;569;28;16;579;7;6402;888;10;8315
34.11111111;267;32;12;24;5;3101;92;60;6366
2.088888889;559;3;21;615;7;6202;888;10;8387
11.05;537;5;15;602;7;6203;888;20;6493
6.866666667;557;2;17;612;7;6202;888;10;8373
30.08571429;530;28;16;598;5;6203;888;10;7953
14.375;469;22;3;607;12;6203;888;40;3661
26.2;321;5;12;579;7;4104;31;60;7085
15.45;469;17;3;579;7;6402;888;40;5130
32.1;290;14;2;223;5;4101;888;40;4923
24.68888889;567;5;15;579;7;6402;888;20;7547
40.5;530;15;12;603;5;6203;60;60;5929
29.54705882;303;32;16;579;7;6402;888;10;7571
52.44;513;2;2;585;7;6302;888;20;6733
16.8;321;32;3;24;7;6203;888;50;6589
54.42352941;537;32;15;603;12;6203;888;20;6452
4.175;469;22;3;607;12;6203;888;40;4459
7.875;469;32;15;579;7;6402;10;20;8243
38.05;321;14;12;98;7;4104;31;60;6561
9.7;469;32;3;579;7;6402;888;40;6494
23.775;321;14;15;98;8;4104;120;20;6778
9.64;548;32;15;610;7;6201;10;20;7488
14.1;569;5;2;579;7;6402;888;40;7161
45.06666667;515;2;12;596;7;6301;160;20;6757
43.09714286;530;34;12;603;5;6203;555;60;5571
52.88;530;2;12;598;5;6203;92;60;6893
42.12666667;530;28;12;598;5;6203;33;10;5681
54.8125;544;28;15;604;5;6203;888;20;7607
28.75;519;2;2;597;5;6301;888;40;5784
47.15555556;495;32;2;579;7;6402;888;40;7053
20;321;2;15;98;8;4104;10;20;7872
13.08333333;508;5;15;585;7;6302;888;20;7011
10.475;559;2;15;610;7;6202;10;20;7412
22.2125;544;28;15;602;7;6203;10;20;7301
18.525;548;4;1;610;12;6202;888;20;4292
7.833333333;557;2;17;610;7;6202;888;10;8297
20.77272727;537;28;16;602;7;6203;888;20;8439
16.8;530;28;15;602;5;6301;888;20;6299
27.9;290;5;15;24;7;4101;10;20;8117
9.98;524;5;15;597;7;6301;555;20;6922
13.8;571;28;16;579;7;6402;888;10;8357
39.35555556;299;14;15;113;7;4104;10;60;7220
3.1;469;32;12;604;7;6203;888;50;4664
3.69375;559;3;17;659;7;6202;888;10;8369
16.3;467;14;2;444;12;6301;888;20;5577
6.88125;1065;2;17;654;7;6201;888;10;8514
18;469;32;3;607;12;6203;888;40;4528
19.1;559;32;11;615;7;6202;888;20;7694
41.64;537;28;15;602;5;6203;120;20;7527
2.26;573;17;15;579;7;6402;888;10;8034
19.14;290;5;1;223;5;4104;888;40;4571
31.9;321;14;12;29;8;4101;888;40;6425
35.165;517;2;16;597;5;6301;888;10;7884
10.63333333;321;14;16;98;5;4104;888;10;8634
43.48888889;544;34;3;607;5;6203;888;40;5352
18.2;324;5;3;24;12;6402;888;40;4690
18.26666667;299;5;15;514;7;4101;888;20;7328
13.82;505;17;12;579;7;6302;34;20;7475
26.9;544;17;12;602;7;6202;160;20;7647
14.45714286;290;14;16;98;8;4101;888;10;7629
10.875;557;32;15;612;7;6201;555;10;7489
52.07142857;469;32;15;24;5;6301;160;20;6734
44.65555556;548;15;12;94;5;6201;555;60;5620
20.4;571;28;15;579;7;6402;888;40;7924
41.2;568;28;15;514;7;6402;888;10;8319
21.475;290;5;12;98;8;4104;160;20;7045
22.2125;515;2;18;596;7;6301;888;10;8680
30.9;537;28;2;603;7;6203;888;20;6467
10.38888889;505;32;15;583;7;6302;555;20;7688
22.625;321;2;15;98;8;4104;10;20;8072
16.41428571;515;2;15;596;5;6301;555;20;7608
17.51428571;469;32;3;579;12;6402;888;40;2563
16.1;524;2;12;598;5;6301;91;40;6206
19.73333333;544;17;1;602;7;6203;888;40;4897
9.48;505;2;15;583;7;6402;10;20;7716
68.77857143;287;14;15;514;8;6402;10;10;6678
14.625;508;2;15;585;7;6302;10;10;6915
17.11428571;571;28;2;579;7;6402;888;20;8245
7.15;571;28;14;579;7;6402;888;20;8281
12.5;530;32;3;603;7;6203;888;20;6586
5.68;530;28;16;603;7;6203;888;10;8336
60.625;290;14;12;514;8;4101;10;20;6848
37.15333333;544;32;15;604;7;6203;160;20;6966
18.075;324;5;2;579;5;4104;888;20;5525
11.675;324;12;15;33;8;4104;888;10;8428
7.225;267;32;3;24;5;3101;888;40;4927
6.16;559;3;17;612;7;6202;888;10;8178
33.40625;286;17;15;514;7;6402;10;60;7309
14.05;524;14;15;598;7;6301;555;20;7221
11.21666667;559;2;2;615;7;6202;555;20;6723
18.36;548;32;2;610;7;6202;888;20;5514
27.64444444;286;17;15;514;5;6402;555;20;7106
11.9;469;32;3;24;5;6301;888;40;7427
15.4;469;32;14;607;5;6203;999;20;6914
19.12;321;14;3;24;12;4104;888;40;5150
17.71111111;267;17;16;24;7;3101;888;10;8452
0.5;263;32;4;24;5;3101;92;60;5642
13.62222222;537;28;18;610;7;6203;888;10;8005
0.5;469;32;3;579;7;6402;888;40;5137
14.26470588;515;2;17;596;7;6301;888;10;8729
50.85555556;321;14;16;33;5;4104;888;10;7577
31.3625;537;28;15;603;7;6203;888;20;6987
3.23;505;2;15;583;7;6402;888;10;8103
13.58888889;263;32;12;24;12;3101;888;20;6288
5.5875;559;3;17;834;8;6202;888;10;8262
59.32;537;28;16;602;7;6203;888;20;7694
11.95;521;34;15;594;7;6301;10;10;7208
39.25;469;14;3;607;12;6203;888;20;6430
34.51176471;544;32;17;602;7;6203;555;10;8191
9.766666667;469;32;11;579;12;6402;888;40;6410
10.59230769;505;17;2;583;7;6402;888;20;7417
19.46842105;469;32;15;603;5;6203;10;20;7163
25.47;469;32;15;585;7;6302;160;20;4937
11.61111111;303;17;15;579;7;6402;555;20;8491
18.42222222;495;5;15;579;7;6402;555;20;7776
57.325;568;28;16;579;7;6402;888;10;8216
20.0875;524;5;15;598;5;6301;10;20;6702
13.9;495;32;16;579;7;6402;888;20;8171
43.66;324;14;17;237;8;4104;888;10;7303
36.65;256;29;13;94;12;3103;110;20;7297
0.366666667;263;2;17;65;7;3101;888;20;7682
41;544;17;17;610;7;6203;888;20;7692
23.9375;1065;2;15;836;8;10102;91;10;8682
15.775;530;14;3;603;5;6203;888;40;4513
14.175;469;32;2;579;7;6402;888;20;4659
34.375;524;14;12;598;5;6301;888;10;6802
10.9625;469;32;15;607;7;6203;10;20;7377
8.083333333;515;2;17;596;7;6301;555;10;7847
12.7;469;17;2;585;12;6302;888;40;4826
45.76;544;17;15;610;7;6203;555;10;7443
13.725;573;32;11;579;7;6402;888;20;7705
19.2;537;32;15;604;7;6203;888;20;7845
18.58;321;5;3;24;5;4104;888;40;4585
47.62;524;14;14;598;5;6301;160;60;6960
52.376;321;14;12;113;5;4104;91;20;6466
26.62666667;544;32;15;607;7;6203;10;20;7269
7.4;290;17;18;98;8;4101;888;10;8492
23.51666667;321;2;1;223;3;4101;888;40;4798
3.5;530;34;16;598;7;6203;888;20;6376
26.68;569;15;1;579;12;6402;888;40;3987
49.425;530;28;16;602;5;6203;10;20;7462
26.88333333;537;28;17;602;7;6203;888;20;8185
13.3;513;2;17;585;5;6301;888;10;7236
56.26666667;505;2;12;583;7;6402;10;20;7063
24.03333333;524;32;3;598;12;6301;888;20;6202
5.8;573;17;15;579;7;6402;10;20;7443
46.34;548;4;15;610;7;6201;10;20;6478
19.88333333;469;32;3;583;12;6302;888;40;3634
63.87647059;521;34;12;597;5;6301;33;60;6607
18.78888889;495;28;16;579;7;6402;888;10;8596
24.21111111;495;32;15;579;8;6402;555;20;8170
31.40434783;544;32;15;607;7;6203;10;20;6604
14.15714286;495;28;16;579;7;6402;888;10;7592
68.25;576;2;12;583;5;6302;555;10;7531
62.6125;267;14;12;24;5;3101;999;40;5103
25.71111111;256;29;2;520;12;3103;888;20;6559
10.1;321;32;11;24;7;6203;888;20;6102
39.6875;263;5;18;65;5;3101;888;40;7184
11.1;537;17;18;610;7;6203;555;20;7832
26.175;469;32;3;607;12;6203;888;20;6800
33.68;521;32;3;94;5;6301;888;40;5892
39.75;321;14;3;24;5;4104;888;50;4956
22.28;544;15;3;607;7;6201;888;40;5477
1.74;576;34;15;583;7;6302;888;20;7743
15.76666667;530;46;16;603;7;6203;888;10;7900
19.5;495;28;3;579;7;6402;888;10;4881
1.671428571;569;28;10;579;12;6402;888;40;3772
45.35555556;483;17;2;526;12;3103;888;20;6730
5.3;267;32;16;24;5;3101;888;20;7372
44.1375;263;2;18;65;5;3101;160;20;6860
34.05;467;14;2;598;5;6203;888;40;5341
27.1;524;15;3;598;12;6301;888;40;3462
33.54;324;14;12;237;7;4104;888;40;6654
54.54;516;2;18;597;7;6301;888;10;7911
36.26666667;516;2;15;596;5;6301;555;20;7161
16.44444444;571;28;15;579;7;6402;888;10;8016
32.63571429;469;15;15;94;5;6301;888;20;4810
27.42727273;321;14;15;223;8;4104;10;20;6811
18.55;530;34;12;603;7;6203;34;60;6871
2.9;521;17;3;598;7;6301;888;40;3071
13.33333333;263;5;12;24;5;3101;888;40;7654
29.85;544;17;2;602;7;6203;888;40;6648
9.82;495;5;17;579;7;6402;888;10;7799
35.82666667;544;32;15;24;5;6203;10;20;6750
19.1;469;17;3;585;12;6302;888;40;4416
27.43;324;14;12;515;8;4104;10;60;8290
42.49090909;537;28;15;603;7;6203;888;40;7051
15.5;521;17;3;598;7;6301;888;40;6294
21.21428571;495;28;3;579;7;6402;888;30;4612
51.3;495;28;12;516;5;6402;91;60;6232
16.81666667;544;17;15;602;7;6203;10;20;7671
41.525;530;2;12;598;5;6203;888;20;6769
11.6047619;324;15;12;237;5;4104;888;20;6824
5.666666667;559;3;17;612;7;6202;888;10;6972
9.533333333;263;14;14;24;5;3101;999;40;5777
15.93333333;263;32;2;24;12;3101;888;10;7259
8.214285714;263;14;3;24;5;3101;888;20;6071
31.925;537;28;17;602;7;6203;888;10;8025
60.12;517;2;15;596;5;6301;888;10;7031
10.72;576;5;12;583;7;6302;10;20;6993
49.44444444;482;17;12;512;5;6501;31;20;6415
4.611111111;321;14;15;85;8;10101;160;20;7851
1.56;263;14;16;85;7;3101;888;10;8085
9.25;515;2;17;596;7;6301;888;10;8548
21.55;519;34;12;596;5;6301;160;20;7214
4.266666667;469;32;3;24;12;6301;888;40;5265
10.58;469;17;2;583;7;6302;888;20;7346
43.36666667;475;2;15;585;5;6302;10;20;6207
11.73333333;314;32;10;24;12;4104;888;40;6752
24.92;515;2;2;596;7;6301;888;40;5979
57.475;263;2;17;85;5;3101;888;20;6173
6.26;469;32;18;602;7;6203;888;40;7311
28.98;521;22;3;597;13;6301;888;40;2422
18.48;515;5;2;596;12;6301;888;50;6866
15.98571429;469;32;3;579;12;6402;888;40;4929
7.888888889;267;32;2;24;8;3101;888;40;5509
36.05;530;32;15;603;12;6203;999;20;7532
2.18;530;14;3;603;5;6203;888;20;6033
26.36;321;42;14;24;12;4104;160;20;7395
4.533333333;576;2;14;583;7;6302;555;10;8131
19.525;505;17;2;583;7;6302;888;40;4880
8.525;321;2;3;113;8;4104;888;40;4482
9.2625;1065;2;15;833;8;10101;10;20;7822
33.56666667;265;14;12;444;5;3101;120;50;5722
21.95;290;14;15;98;7;4101;10;10;7065
53.2125;521;15;12;94;5;6301;888;20;6330
13.9;495;28;15;579;7;6402;555;20;7368
28.44;321;14;14;113;12;4104;160;20;7724
41.7173913;537;32;12;604;5;6203;160;20;6533
11.65;324;5;16;579;7;6402;888;40;6926
9.0125;321;32;15;24;8;4104;10;20;7853
21.2;480;17;2;506;5;6501;888;40;5066
22.65;469;32;2;583;12;6302;888;20;4863
25.7;321;32;3;24;5;4104;888;40;4042
17.19;267;42;12;24;5;3101;555;20;6949
51.6625;267;17;12;24;5;3101;999;20;6194
3.306;1068;3;17;752;7;10101;888;10;7616
61.54;537;28;18;602;7;6203;888;10;8176
3.5;505;28;17;579;7;6402;888;10;8404
13.35;267;32;2;24;5;3101;888;40;5085
3.1;1068;2;17;752;8;10101;888;10;7521
4.175;1065;2;17;834;8;10101;555;20;7765
13.74444444;548;32;2;610;5;6201;888;40;5892
25.53;530;32;16;603;5;6203;888;40;8333
20;508;14;12;585;7;6302;10;20;6244
63.12222222;544;32;15;603;7;6203;10;20;7857
33.83888889;286;14;2;305;8;4104;888;20;6997
24.24285714;495;32;3;579;12;6402;888;10;7106
30.26;267;14;12;520;5;3103;31;60;6085
44.02580645;530;28;15;602;5;6203;10;20;7282
16.975;537;28;15;604;12;6203;555;20;8188
52.40555556;290;14;15;223;7;4101;10;20;7282
9.575;515;2;14;595;12;6301;555;20;7690
15.33333333;267;14;12;85;5;3101;999;40;5501
12.02222222;530;14;3;603;12;6203;888;20;6336
31.43846154;530;28;16;602;7;6203;888;10;7860
27.8;464;17;1;583;12;6302;888;40;4851
41.6;571;28;15;579;7;6402;888;10;8354
18.74;321;14;12;113;5;4104;888;20;6709
8.67;324;2;12;223;8;4104;555;20;6946
21.42222222;263;14;2;85;12;3101;888;40;3688
27.875;469;32;15;602;7;6203;10;20;7800
28.05454545;299;14;18;98;8;4101;888;10;7849
49.26666667;290;14;2;98;8;4101;888;20;7371
25.09;299;17;16;514;8;4101;888;10;8188
40.7;256;15;12;94;5;3103;555;20;6533
2.657894737;1068;2;17;752;8;10101;888;10;8303
17.15;537;32;15;603;7;6203;888;10;6799
20.68;568;28;15;579;7;4101;10;20;7333
36.98333333;524;14;12;603;7;6301;50;60;6616
24.46666667;314;32;16;24;8;4104;888;20;7032
8.733333333;505;17;3;583;5;6302;888;50;4023
19.72;267;42;3;24;5;3101;888;40;4045
33;524;15;12;598;5;6301;31;20;7008
10.18333333;568;28;12;514;7;6402;555;20;8178
0.5;508;32;3;585;12;6302;888;40;4114
0.45;469;5;2;583;5;6302;888;50;5159
27.3;537;28;16;602;5;6203;888;20;7914
20.12222222;467;2;3;612;7;6201;888;40;3687
20.125;321;5;15;113;5;4104;42;60;6795
35.41764706;548;5;15;610;5;6201;555;20;6582
20.625;321;42;14;24;12;4104;160;20;7734
67.1875;521;15;12;94;5;6301;31;60;5550
35.04;544;17;15;604;7;6203;888;20;7405
6.85;467;2;3;612;7;6201;888;40;4154
16.44;469;32;3;24;12;6302;888;20;4807
15.26923077;321;12;15;98;3;4101;555;20;7027
12.61111111;515;2;3;596;5;6301;888;40;7235
6.7;567;28;16;579;7;6402;888;20;8296
25.8375;537;32;16;603;5;6203;888;10;7826
17.8;321;32;15;24;7;4104;888;60;7467
40.45;267;42;2;85;5;3101;888;40;4598
67.725;267;14;12;85;5;3101;160;20;6072
0.6;263;5;16;24;8;3101;888;20;8689
45.1;537;28;17;602;7;6203;888;10;7812
30.36;544;28;2;604;5;6203;888;40;6413
5;568;28;16;514;7;4101;888;10;8502
36.78235294;544;32;15;604;7;6203;10;20;7672
16;513;2;15;595;5;6301;888;20;7166
53.91428571;267;14;12;24;5;3101;10;60;5940
0.577777778;263;12;16;33;7;3101;888;20;8091
36.06666667;537;28;21;602;7;6203;888;20;7463
22.8125;519;15;3;591;12;6301;888;40;4251
5.5;321;14;16;113;7;4104;888;10;7194
10.24;321;32;15;24;7;4104;555;20;7710
63.15;321;14;14;113;12;4104;160;60;7344
19.57142857;548;32;15;610;7;6203;10;20;6477
14.925;267;5;16;85;8;3101;888;10;8754
18.25;530;32;3;603;12;6203;888;40;4102
15.45;469;32;15;596;5;6301;555;20;7727
1.533333333;505;2;16;579;7;6302;888;10;8643
34.625;263;14;2;615;7;3101;888;40;3702
8.8;519;2;14;596;7;6301;555;10;8523
15.04444444;567;17;2;579;7;6402;888;10;6708
24.63333333;517;5;2;596;5;6301;888;40;7262
53.6125;263;32;15;24;12;3101;888;40;5776
39.575;537;32;2;602;7;6203;888;10;6871
55.8;557;16;16;612;5;6201;888;60;7051
22.94;321;5;3;237;12;4104;888;40;3223
34.23333333;321;14;12;113;8;4104;10;50;7284
26.45;299;14;17;317;8;4104;888;10;8224
34.075;537;28;18;602;5;6203;555;20;7053
34.2375;521;2;2;597;7;6301;888;20;6938
24.43333333;324;2;3;579;5;4104;888;40;5242
2.0375;1065;2;17;834;8;10101;888;10;8105
15.06666667;469;32;3;999;11;6203;888;40;6346
74.53333333;524;15;12;94;5;6301;41;60;6089
15.86;321;32;2;24;5;4104;888;40;5231
1.825;530;2;3;598;5;6301;888;40;4612
24.14210526;290;14;2;98;8;4101;888;40;7227
42.58888889;263;14;12;85;5;3101;41;60;5119
31.82580645;263;2;15;65;5;3101;888;20;6067
5.1;505;17;2;583;7;6402;888;40;6945
27.16;324;2;2;24;7;4104;888;40;5077
5.416666667;505;2;15;583;7;6302;10;20;7954
21.98181818;516;2;15;596;5;6301;555;20;7879
17.7;267;32;3;94;12;3101;888;40;4065
53.7125;521;32;12;94;5;6301;10;20;6610
22.90833333;464;17;2;585;7;6302;888;40;5681
0.94;321;5;3;223;5;4104;888;40;4374
20.2;321;32;1;24;5;4104;888;40;4504
17.825;289;5;3;98;12;4101;888;40;4593
2.585714286;559;3;17;612;7;6202;888;10;7804
34.765;524;17;15;598;5;6301;10;20;6681
17.26666667;544;32;3;607;7;6203;888;40;4706
2.114285714;508;17;2;585;7;6302;888;20;6254
29.725;530;5;12;598;5;6301;80;20;6674
16.8875;263;5;15;24;7;3101;888;60;5583
2.633333333;559;3;17;615;7;6202;888;10;8446
27.4;537;32;16;603;7;6203;888;10;8494
19.68;521;2;2;597;5;6301;888;40;6516
6.677777778;324;2;2;24;8;4104;888;40;5985
12.2;519;14;12;596;5;6301;888;20;6587
19.85;521;22;3;597;13;6301;888;20;3827
6.1;469;22;1;24;12;6301;888;40;4028
2.25;321;2;7;98;8;4104;888;40;2443
11.4;508;2;15;585;7;6302;10;20;7567
4.3;321;14;15;24;12;4104;10;20;8161
9.166666667;263;14;3;85;7;3101;888;40;6214
7.233333333;263;2;2;85;5;3101;888;20;4487
20.75;505;28;15;579;7;6402;555;10;8115
13.6;321;14;3;113;7;4104;888;40;4373
29.11;321;32;3;24;7;4104;888;40;5508
49.53333333;321;14;12;237;7;4104;91;60;6394
24.2625;321;5;2;24;12;4104;555;10;5548
15.08;508;14;12;585;7;6302;888;20;6924
27.5;267;14;12;24;5;3101;41;60;6605
1.1;263;2;1;85;5;3101;888;40;4950
17.24285714;530;17;3;603;5;6203;888;40;4725
51.26;548;4;12;610;7;6201;10;20;6046
26.12;321;14;3;113;7;4104;888;20;4128
25.72;311;32;3;24;7;4104;888;40;4614
33.94117647;548;5;2;610;5;6201;888;20;5917
10.7;321;5;3;113;5;4104;888;40;5678
25.32857143;482;15;12;512;5;6402;888;40;6739
11.84;469;32;15;607;7;6203;555;20;5647
14.325;321;2;15;98;8;4104;10;20;7799
0.95;321;32;3;33;5;4104;888;40;3617
1.7;267;5;3;24;5;3101;888;40;6670
15.66666667;469;17;1;583;12;6302;888;40;4425
38.02;465;2;3;612;7;6201;888;40;4420
23.3;321;14;4;113;5;4104;888;40;4128
0.5;524;32;3;597;5;6301;888;40;5690
36.13;299;14;12;516;7;4104;42;60;7058
22.34285714;515;5;12;596;7;6301;999;20;6813
23.63888889;530;28;7;598;5;6203;888;40;6503
0.5;321;2;15;33;8;4104;10;20;7977
8;321;2;15;24;12;4104;888;20;7311
14.4;267;32;3;24;7;3101;888;40;4596
16.75;267;5;3;24;12;3101;888;40;4686
16.6;321;14;12;113;5;6302;34;20;6648
42.97;465;2;3;612;11;6201;888;40;3376
2.333333333;1065;2;16;834;8;10101;888;10;8480
53.6;263;2;16;65;12;3101;888;10;7446
57.5875;263;14;2;612;12;3101;888;40;3837
21.55;519;17;15;596;5;6301;888;10;6981
33.525;469;32;3;94;5;6203;888;40;4316
0.366666667;524;32;3;597;7;6301;888;40;4208
49.28888889;544;15;12;607;5;6201;888;40;4767
30.6375;480;14;2;94;5;6501;888;20;6007
30.3;469;32;3;94;5;6203;888;40;4316
16.3;515;2;2;596;7;6301;888;40;7441
40.95555556;324;14;15;223;7;4104;10;20;7605
25.525;321;2;15;98;8;4104;10;20;7447
46.95;515;2;12;596;7;6301;555;20;7447
31.75555556;535;32;3;603;7;6203;888;40;7114
4.933333333;1065;2;15;834;7;10101;10;20;8073
30.2875;524;15;12;598;5;6301;999;40;5720
46.72;521;22;3;597;13;6301;888;40;2585
28.52222222;530;28;16;603;5;6203;888;20;6373
29.6;521;17;12;94;5;6301;31;60;6418
41.20625;524;15;12;94;5;6301;34;20;6238
64.72222222;521;22;1;24;12;6301;888;40;3150
58.8;521;15;2;94;5;6301;888;40;4721
2.911111111;263;5;21;24;8;3101;888;20;6231
16.76666667;508;2;2;585;7;6302;888;40;4842
23.88;469;17;2;24;7;6302;888;40;4898
15.825;516;2;15;596;7;6301;10;20;7608
32.3125;505;17;2;583;5;3101;888;20;6318
26.2;267;14;12;24;5;3101;999;60;6503
68.6;521;17;12;94;5;6301;888;40;6479
16.42;469;32;11;602;7;6203;888;20;6776
12.98571429;469;14;12;603;5;6203;41;60;5705
25.74;303;32;1;24;12;6302;888;40;4082
18.175;290;2;17;98;8;4101;888;10;8241
54.55;515;2;12;596;7;6301;888;10;7761
3.15;1068;2;19;747;8;10101;888;10;8114
4.68;267;5;15;85;8;3101;888;20;7720
41.47142857;524;14;11;94;5;6301;888;20;6527
30.525;537;32;2;604;7;6203;888;20;6768
0.42;469;32;3;762;7;10101;888;40;4227
1.6;263;5;2;24;5;3101;888;60;5621
8.5;559;2;16;615;7;6201;888;10;8723
3.36;524;2;3;598;5;6301;888;40;5382
18.05555556;567;28;16;579;7;6402;555;10;8727
25.5;544;28;12;603;5;6203;34;20;5941
16.8;324;15;3;515;12;4103;888;40;5629
5.72;1068;2;15;752;7;10101;10;20;7647
0.7125;263;32;3;24;12;3101;888;20;4230
46.16666667;521;32;15;597;5;6301;999;20;6440
10.24;1068;2;17;762;8;10101;888;10;8094
30.75555556;524;32;2;598;5;6301;888;40;6483
52.17;521;32;15;597;5;6301;999;20;6440
19.26666667;530;32;3;603;5;6203;888;20;5530
37.85384615;321;12;15;33;3;4104;10;20;7499
58.725;515;2;15;596;7;6301;555;20;7721
46.86666667;267;14;15;33;7;3101;888;20;6631
36.03333333;263;15;14;24;12;3101;999;60;6323
41.3;524;14;12;598;5;6301;31;60;6586
23.51111111;548;32;16;607;7;6203;555;20;7464
35.3375;521;15;3;597;5;6301;888;40;5287
9.3;508;2;2;585;12;6302;888;20;5982
15.56;469;5;15;24;7;6301;888;20;7931
33.33333333;321;14;12;113;12;4104;160;20;6676
4.725;321;5;2;24;12;4101;10;60;7479
5.44;263;32;2;24;8;3101;888;40;6647
48.7;524;2;12;598;5;6301;80;20;6451
17.2875;530;15;11;603;7;6203;888;20;6719
11.2375;515;2;15;596;7;6301;10;60;8078
4.816666667;285;42;15;24;12;4104;10;20;7701
0.5;263;14;11;24;12;3101;888;20;5835
0.5625;508;2;3;585;12;6302;888;50;4701
60.58;469;32;2;24;5;6302;888;40;4994
0.875862069;480;14;12;94;5;6501;888;40;6784
14.675;321;5;3;602;7;6203;888;40;4524
11.7;508;15;12;94;5;6302;80;60;6214
23.83;321;14;12;113;5;4104;160;20;6078
11.47777778;1065;2;14;762;8;10101;160;20;7153
5.09375;559;2;16;615;7;6202;888;10;8495
38.53333333;321;32;12;113;5;4104;888;40;6652
37.92;321;32;15;85;0;10101;31;60;5752
38.41428571;265;14;1;807;8;3101;888;40;4478
20;515;2;15;596;7;6301;10;20;8190
21.98333333;321;32;12;24;5;4104;555;20;7329
17.8;537;28;3;603;7;6203;888;40;5588
0.46;321;32;15;24;5;4104;888;20;6353
17.52;469;32;3;579;12;6402;888;40;3778
8.24;323;2;2;98;8;4104;888;40;7035
12.025;517;34;3;596;7;6301;888;40;7146
23.67777778;495;28;16;579;7;6402;888;10;8506
12.64;524;34;12;603;5;6301;50;20;6401
12.62857143;469;32;3;579;12;6402;888;40;4593
23.575;530;32;11;94;12;6203;888;20;7567
4.777777778;517;34;3;596;7;6301;888;40;5144
26.03333333;256;29;13;526;12;3103;110;20;7389
23.66;267;14;12;24;5;3101;92;60;6497
13.9;537;28;18;602;5;6203;888;10;7892
28.46153846;530;32;15;603;5;6203;555;10;7897
20.97692308;524;15;3;94;12;6301;888;40;3993
24.96;524;2;12;602;7;6203;555;20;6866
11.15;519;2;2;597;7;6301;888;20;6712
25.42222222;267;42;2;85;5;3101;888;50;6441
27.365;263;14;16;65;7;3101;888;10;8413
34.63333333;530;28;16;602;7;6203;888;20;7254
32.38;263;14;2;85;7;3101;888;40;7506
8.0625;559;2;16;615;7;6201;888;20;8456
47.66;1065;2;13;834;12;10101;110;20;7290
18.72;464;2;1;444;5;6301;888;40;4588
8.2;576;5;3;583;7;6302;888;40;4227
24.98;321;14;15;113;5;4104;888;20;6581
30.1;267;15;1;94;5;3101;888;40;4821
21.975;517;34;15;596;5;6301;10;20;7812
0.5;263;5;10;24;12;3101;888;10;5742
0.44;467;32;3;24;7;6203;888;40;4965
1.9875;290;14;1;98;5;4104;888;40;5026
47.4;263;14;12;85;5;3101;10;60;5401
9.8;519;34;15;596;7;6301;888;40;8092
31.75263158;521;5;12;597;5;6301;999;20;6599
1.175;263;5;3;24;12;3101;888;40;5044
25.52;469;32;16;596;5;6301;555;20;4648
12.41666667;469;22;3;24;13;6301;888;40;2666
8.633333333;321;32;12;24;8;4104;34;60;7160
19.05;321;32;15;579;7;4104;888;20;7135
52.61111111;263;14;12;85;5;3101;33;60;5162
47.2625;524;17;15;597;5;6301;888;20;6018
11.08571429;321;32;3;24;5;4104;888;40;6412
53.68666667;290;14;12;223;12;4101;10;20;7034
41.73;321;12;15;33;7;4104;10;20;7796
6.425;267;32;3;24;12;3101;888;20;3036
1.42;267;32;16;24;5;3101;888;10;7211
15.27142857;530;28;15;602;7;6203;888;20;7758
4.54;573;5;27;579;7;6402;888;20;7608
61.3375;263;14;15;24;7;3101;888;40;5328
46.45;321;17;12;113;7;4104;888;40;6328
26.08;495;15;12;579;7;6402;10;20;7644
42.15;267;14;12;85;5;3101;31;60;6270
23.36;469;15;14;999;5;6203;555;20;6348
26.875;321;32;15;579;5;4104;10;20;7661
32.625;321;14;15;113;8;4104;33;40;6284
16.225;569;28;15;579;5;6402;120;20;7450
18.5;576;5;3;583;12;6302;888;40;4493
0.5;481;28;11;506;5;6402;888;40;7010
13.94444444;495;28;19;515;7;6402;888;20;6660
4.6625;267;42;12;24;5;3101;31;60;5781
6.1;267;5;16;24;8;3101;888;20;8703
3.28;567;5;15;579;7;6402;10;60;8249
35.02;267;32;12;24;8;3101;999;50;6809
56.1;524;14;1;598;7;6301;888;40;4657
34.25;517;2;12;596;7;6301;888;20;7376
30.23333333;569;17;15;579;5;6402;10;20;7221
55.68571429;267;32;12;94;5;3101;10;60;6775
21.6;469;15;14;999;11;6203;160;20;6097
14.7;469;32;15;596;5;6301;555;20;7548
10.31;303;17;14;579;7;6302;555;20;8459
51.0375;321;32;12;24;5;4104;10;20;7207
0.85;515;5;15;596;5;6301;888;20;5292
10.75555556;469;28;15;579;5;6402;10;60;7529
62.0625;267;14;12;85;5;3101;92;60;6440
2.6;267;32;12;85;5;3101;888;10;6685
45.08888889;267;15;3;94;5;3101;888;40;5135
1.157142857;290;2;18;747;8;10101;888;10;8523
26.21818182;324;2;15;223;7;4104;10;20;6431
5.255555556;267;17;7;24;7;3101;888;20;6532
38.5625;267;15;12;24;5;3101;888;60;5669
43.80769231;524;15;12;598;5;6301;34;20;6242
38.16666667;324;5;15;579;12;4104;555;20;6758
28.15555556;267;15;12;85;5;3101;130;60;7120
0.44;263;15;15;24;5;3101;160;20;6373
12.24444444;263;14;3;24;5;3101;888;40;6152
52.425;524;15;3;598;5;6301;888;20;4879
0.5;267;5;16;24;5;3101;888;10;7840
4.76;267;5;16;24;7;3101;888;10;8589
12.47777778;263;2;2;65;7;3101;888;20;5068
14.37777778;508;14;15;585;5;6302;10;20;6657
9.116666667;505;17;14;583;7;6402;555;20;8050
4;321;2;15;708;8;10101;10;20;8149
5.809090909;498;2;15;833;7;10101;10;20;8258
1.8625;263;5;2;24;13;3101;888;20;5871
41.75555556;267;15;12;94;5;3101;130;40;6022
32.38;267;15;12;583;5;3101;130;60;5763
5.177777778;267;5;15;85;5;3101;555;10;7348
4.7375;267;32;2;24;12;3101;888;40;5467
0.577777778;263;5;15;24;5;3101;555;20;6423
18.64166667;263;5;12;24;7;3101;888;20;5751
3.1125;263;32;3;24;5;3101;888;40;5993
5.575;321;42;15;113;12;4104;555;10;7850
4.3;267;14;2;24;5;3101;888;40;5579
49.95111111;544;32;21;604;5;6203;888;20;6486
64.5375;267;14;2;85;5;3101;888;40;5646
17.875;263;15;11;24;5;3101;888;40;4240
15.78;495;28;18;579;7;6402;888;10;7318
22.43333333;321;32;12;24;8;6203;999;20;6302
25.76;267;14;16;24;12;3101;888;10;8502
3.066666667;263;5;16;24;5;3101;888;20;7572
18.13;321;20;16;113;7;4101;888;10;7785
44.075;321;14;7;113;8;4104;34;60;6022
17.55555556;267;32;15;24;5;3101;999;60;6748
31.4;524;2;15;598;5;6301;10;60;6723
5.363636364;515;2;16;596;7;6301;888;10;8506
24.53;321;32;12;24;5;4104;34;60;7144
21.25;290;17;16;98;8;4101;888;10;6938
10.725;267;32;15;24;5;3101;10;20;6551
5.82;321;32;3;602;8;10101;888;40;6430
1.166666667;263;5;2;24;5;3101;888;40;5645
19.825;267;14;12;85;8;3101;41;60;5563
37.33333333;321;14;17;113;12;4104;888;10;6663
0.5;267;5;3;24;5;3101;888;20;5888
17.23333333;469;32;3;94;12;6301;888;40;2183
15.225;321;14;2;24;8;4101;888;20;4839
21.60833333;267;14;2;24;8;3101;888;40;6059
0.5;467;5;2;24;5;6301;888;20;5219
3.7;469;32;3;999;12;6301;888;40;2198
6.7;515;2;17;595;7;6301;888;10;8048
55.01111111;267;14;12;94;5;3101;888;40;5850
21.25;321;12;15;33;8;4104;10;20;7614
44.93333333;299;14;2;515;7;4104;888;10;6620
38.45555556;321;14;12;98;5;4104;41;60;6441
20.23333333;321;14;14;24;12;4104;160;20;7502
31.8;263;2;1;85;7;3101;888;40;5047
50.81111111;263;14;1;85;7;3101;888;40;4654
36.625;321;14;12;113;12;4104;91;20;7045
3.3;267;14;2;85;5;3101;888;20;5630
2.96;263;5;16;999;11;3101;888;10;6510
0.471428571;263;32;18;24;8;3101;888;10;8318
24.87;508;2;12;585;7;6302;888;20;7803
14.39230769;495;32;16;579;12;6402;888;20;6553
18.8625;267;5;12;24;5;3101;999;20;5536
50.15555556;263;2;3;65;7;3101;888;40;3058
35.45454545;321;14;12;113;5;4104;888;40;6105
21.18333333;469;5;3;579;5;6402;888;10;6707
25.48888889;495;32;15;579;7;6402;10;20;7899
8.375;267;42;16;24;7;3101;888;10;8834
18.92;267;42;12;24;5;3101;92;60;6198
7.075;267;17;16;24;5;3101;888;10;7536
52.2;267;14;2;85;5;3101;888;40;5399
26.24444444;321;32;12;24;5;4104;34;20;6092
42.77777778;321;14;12;113;7;4104;10;60;7173
10;321;2;3;602;8;10101;888;20;5465
36.16666667;290;14;15;515;8;4101;10;20;6846
38.22222222;321;14;12;113;5;4104;888;20;6861
1.225;267;14;16;85;5;3101;888;20;7037
2.96;267;36;15;24;7;3101;92;40;7350
18.8625;267;5;15;85;5;3101;888;20;6730
17.14444444;321;14;2;98;5;4104;888;40;6578
40.675;321;2;12;113;3;4104;91;60;7294
17.54;469;12;3;579;12;6402;888;40;4079
28.42727273;267;14;12;520;5;3103;999;20;6214
5.8875;267;42;16;24;8;3101;888;10;8643
36.8375;267;15;4;94;5;3101;888;40;5612
5.9;1068;2;15;752;8;10101;555;20;7994
38.98;469;32;3;999;12;6203;888;20;6900
25.7;290;14;15;223;8;4104;10;20;7191
58.52222222;321;14;12;113;5;4104;41;20;6336
14.92;571;28;16;579;7;6402;888;10;8528
0.5;324;5;15;579;8;4104;10;20;7326
14.44285714;469;32;3;579;12;6402;888;40;4896
28.2875;267;14;12;85;5;3101;888;20;6260
0.433333333;263;32;3;85;12;3101;888;40;5941
0.5;263;14;11;65;7;3101;888;10;5492
43.3625;267;32;12;24;5;3101;33;50;6273
0.45;267;14;16;85;5;3101;888;10;7337
33.68;267;14;3;94;12;3101;888;40;6714
28.03333333;267;32;15;24;5;3101;10;20;6230
5.673333333;1068;2;15;747;8;10101;888;20;8238
12.99411765;267;14;2;85;12;3101;888;40;6684
0.5;263;5;12;24;5;3101;888;20;6823
24.56;469;32;3;603;5;6203;888;40;5839
31.13333333;287;14;12;113;7;4101;10;20;6557
60.7875;267;14;12;85;5;3101;888;40;7178
10.175;267;32;12;24;5;3101;888;20;5645
0.5;267;32;12;24;5;3101;92;60;5970
11.67777778;1068;2;15;762;7;10101;888;10;8407
10.625;321;14;16;113;7;4104;888;20;5125
26.71111111;287;12;15;33;7;4101;10;20;7420
77;267;15;12;24;5;3101;92;50;6864
43.65555556;267;14;12;24;5;3101;999;20;6913
37;557;14;15;607;7;3103;10;20;8029
0.488888889;263;32;21;24;5;3101;555;10;7205
10.18571429;263;32;15;65;5;3101;999;40;6647
25.2625;263;14;2;85;5;3101;888;20;5106
7.78;519;2;16;596;7;6301;888;10;8715
58.8125;521;2;16;598;5;6301;888;10;8143
10.03333333;321;32;15;24;5;4104;555;20;7192
3.814285714;267;2;15;24;7;10101;10;20;7664
58.175;524;17;12;94;5;6203;555;20;6226
50.95;530;28;13;598;5;6203;110;20;7010
18.58;569;28;1;579;12;6402;888;20;4704
43.55555556;267;15;12;24;5;3101;120;60;6307
17.23333333;267;17;16;999;7;3101;888;10;7570
7.4875;321;14;12;24;8;6203;160;20;6647
21.67777778;267;5;3;85;5;3101;888;50;4225
14.62;321;32;2;579;8;4104;888;40;6360
53.5;321;5;12;237;5;4104;888;60;6645
1.077777778;263;2;18;85;7;3101;888;10;7026
37.31;321;5;3;237;12;4104;888;40;4386
6.533333333;1065;2;17;747;8;10101;888;10;8364
13.6875;495;28;16;579;5;6402;888;10;7402
1.777777778;263;2;16;65;7;3101;888;10;8215
25.675;321;14;2;516;7;4104;888;50;5749
39.94;324;14;15;223;7;4101;10;20;6328
12.85;321;14;12;24;8;4104;91;60;7821
16.35;469;5;3;579;5;6402;888;40;6707
0.366666667;263;2;17;65;7;3101;888;10;8145
22.81666667;548;32;15;604;7;6203;10;20;7261
56.83333333;299;14;12;515;7;4104;10;60;7139
0.5;324;12;12;24;5;6402;888;20;7367
12.9;267;32;12;24;8;6202;555;10;7639
29.16;517;2;15;597;5;6301;888;20;7055
10.58333333;469;5;3;24;7;6301;888;40;5177
13.5;321;2;12;113;8;4104;10;20;7301
2.86;267;32;16;24;5;3101;888;10;8666
6.45;321;14;11;85;12;10101;888;20;7159
55.603125;537;28;16;602;7;6203;888;10;8492
9.083333333;267;32;3;24;8;6202;999;20;7184
0.5;263;32;15;24;5;3101;999;40;6638
32.08;515;14;2;597;5;6301;888;20;4843
31.18333333;286;14;12;514;8;4101;50;20;6069
22.27142857;321;32;15;24;5;4104;31;60;5584
18.74;321;14;12;113;5;4104;91;50;6438
5.3;321;14;15;85;12;10101;555;20;6495
26.2875;263;2;17;65;7;3101;888;10;5790
43.96666667;469;28;2;603;5;6203;888;20;6923
35.8;314;42;12;24;11;4104;10;60;7038
37.1;267;14;12;24;5;3101;41;60;6082
4.65;559;32;15;608;8;10101;888;20;8294
8.9;290;32;15;98;8;4104;10;10;7843
6.8875;267;32;12;24;5;3101;555;20;5778
2;469;32;15;659;7;10101;10;20;7677
15.23333333;573;5;3;579;7;6402;888;20;6332
0.46;267;14;16;24;5;3101;888;20;7445
14.6952381;321;14;16;999;11;10101;888;10;4414
7.7375;263;14;2;65;13;3101;888;40;4614
29.51;286;2;17;223;7;4101;888;10;7546
48.8375;267;32;12;583;5;3101;999;60;5928
36.21818182;321;5;3;237;8;4104;888;40;5422
0.5;263;32;12;24;5;3101;91;40;6576
43.38888889;263;14;2;24;12;3101;888;20;4306
41.85;524;14;12;94;5;6301;999;20;6416
26.6;469;32;3;24;12;6301;888;40;6647
31.4875;267;14;12;85;5;3101;888;40;5865
11.1;263;5;3;33;8;3101;888;40;4742
24.925;321;14;12;24;8;4104;555;20;6639
5.175;267;32;3;24;12;3101;888;20;3987
45.425;263;14;2;24;12;3101;888;20;4310
13.86666667;314;42;2;24;8;4104;888;20;6871
65.16666667;282;15;12;24;12;3106;888;60;6643
32.35;267;32;12;24;5;3101;31;60;6674
39.8375;530;32;12;598;5;6203;999;20;6087
3.475;321;14;12;113;8;4104;10;60;7438
2.3875;267;5;15;24;5;3101;10;20;8059
4.366666667;1065;2;17;834;8;10101;888;10;8182
5.133333333;263;32;15;65;5;3101;888;20;6365
50.8;524;14;15;603;7;6301;10;20;6709
0.44;267;5;12;24;7;3101;33;60;6414
8.422222222;1068;2;17;834;8;10101;888;10;7702
0.5;263;5;16;65;7;3101;888;10;8705
17.13333333;521;32;2;597;7;6301;888;40;6086
5.616666667;321;5;15;24;5;4104;160;20;7834
6.7625;267;14;16;85;5;3101;888;10;6848
5.825;267;42;12;24;5;3101;181;60;6451
17.32222222;267;32;12;24;7;3101;999;60;6694
8.911111111;263;14;18;85;7;3101;888;40;7402
26.49;515;2;17;595;7;6301;888;10;8200
13.175;286;14;12;98;8;4101;555;20;7459
12.78333333;321;5;12;24;8;4104;10;20;6989
18.15;321;14;2;113;5;4104;888;40;3864
30.5;321;14;12;24;5;4104;888;20;5333
24.15;495;15;2;579;12;6402;888;40;6317
0.5;495;5;15;579;5;6402;10;20;7707
31.16521739;267;32;15;24;5;3101;10;60;6256
16.11666667;267;17;3;24;5;3101;888;20;3720
16.68333333;464;32;12;585;7;6302;888;60;5236
42.91;324;14;12;237;7;4104;60;20;5433
18.03;495;15;1;579;12;6402;888;40;4447
28.36666667;469;32;12;585;7;6302;10;20;5668
9.425;321;32;16;24;7;4104;555;20;7868
33.5;568;28;15;516;5;6402;555;20;7740
34.95555556;321;14;12;33;3;4104;10;20;7088
12.125;321;14;2;24;8;4104;888;20;5434
25.61111111;311;28;21;515;7;6402;888;20;7805
40.85;267;17;2;24;5;3101;888;40;7281
0.5;263;32;12;65;5;3101;888;20;7097
0.6;576;34;3;585;12;6302;888;40;3930
9.1;469;32;15;596;5;6301;160;20;7792
9.37;321;5;15;24;7;4104;10;20;7981
38.93333333;321;12;15;33;7;4104;555;20;7763
67.66666667;521;22;1;94;12;6301;888;20;3643
4.905;515;2;16;596;7;6301;888;10;8691
0.5;263;14;18;65;7;3101;888;10;8143
50.65;321;12;12;98;7;4104;31;60;7164
0.542857143;267;32;12;24;5;3101;92;60;6636
0.6;267;5;3;24;12;3101;888;40;5259
63.7;321;14;12;113;5;4104;555;20;5041
18.71538462;508;14;12;585;7;6302;888;20;7167
22.38333333;324;28;16;515;5;4104;888;40;5795
8.175;263;2;11;85;12;3101;888;40;6523
24.15;324;14;12;94;5;6302;34;20;6134
28.9875;267;32;3;24;12;3101;888;40;4808
7.411111111;263;2;18;85;7;3101;888;10;8493
48.66153846;263;14;12;85;12;3101;34;20;5389
17.14;469;32;15;24;7;6301;10;40;6068
2.983333333;568;2;16;418;7;6402;888;10;8278
29.94;1065;2;14;834;8;10101;888;20;7316
2.433333333;290;2;17;834;8;10101;555;10;8388
21.425;469;2;12;597;5;6301;34;60;6537
38.14545455;321;12;12;237;5;4104;50;40;6942
11.2;321;14;15;24;8;4104;10;20;8392
1.4;263;14;16;85;8;3101;888;10;8209
8.125;263;14;17;65;7;3101;888;10;8247
2.366666667;267;42;12;24;5;3101;999;20;7108
29.4;263;14;12;85;7;3101;888;20;5842
20.45;469;32;15;597;5;6301;10;20;6912
23.43;321;5;3;24;12;4104;888;40;3215
36.33333333;321;12;17;33;7;4104;888;20;8256
6.12;267;42;16;24;8;3101;888;10;8139
1.228571429;321;32;16;33;8;4104;888;20;7335
5.9;267;32;15;24;0;3101;555;20;8114
10.78888889;263;14;2;33;5;3101;888;20;6552
23.27777778;263;14;12;65;7;3101;888;50;5718
25.46666667;469;32;15;24;5;6301;10;60;7062
33.37222222;299;17;12;237;5;4104;34;20;6663
52.37777778;267;14;12;24;5;3101;888;40;5254
35.32;321;14;15;113;8;4101;10;60;7945
26.9;263;14;3;85;7;3101;888;20;6045
49.91111111;263;2;17;65;7;3101;888;20;6547
15.58333333;321;14;2;98;8;4101;888;10;6297
12.98;573;28;14;579;7;6402;888;10;8563
20.73333333;263;32;3;24;8;3101;888;40;4877
26.02;469;17;1;583;12;6302;888;20;5521
8.7;263;5;2;24;5;3101;888;40;5493
25.6;537;28;16;602;7;6203;555;20;8657
8.8;263;15;11;24;5;3101;888;40;4760
41.4;263;14;1;24;5;3101;888;40;4333
30.32;469;32;14;834;5;10101;999;20;6605
13.52;303;17;2;579;7;6402;888;10;7026
16.04;508;2;15;585;7;6302;888;10;7528
20.68;267;14;3;94;8;3101;888;20;4512
14.125;267;32;14;24;5;3101;999;60;6516
5.8375;267;32;3;24;5;3101;888;40;4662
8.34;263;5;2;24;5;3101;888;40;5321
31.82222222;263;32;12;24;5;3101;41;60;5937
60.65;267;14;12;85;5;3101;888;20;5975
57.07;267;15;2;85;5;3101;999;40;5147
61.66666667;267;14;12;85;5;3101;999;40;6245
12.075;544;28;17;602;7;6202;888;10;8083
66.02352941;267;14;12;85;5;3101;92;60;6247
24.96666667;321;5;15;24;5;4104;91;40;6347
25.14444444;321;14;2;113;7;4104;888;40;6617
61.55;267;14;12;85;5;3101;92;60;6215
11.9;263;32;11;24;5;3101;888;20;6286
11.25555556;263;14;17;65;8;3101;888;10;8075
58.0875;267;14;12;85;5;3101;41;60;5538
70.4;267;14;2;85;5;3101;33;50;5732
2.244444444;267;5;16;85;8;3101;888;10;8749
56.42222222;263;14;15;65;5;3101;888;20;6347
11.7875;267;5;16;85;5;3101;888;10;7533
76.6;267;14;12;85;5;3101;92;60;5974
60.75;267;14;12;85;5;3101;31;40;7379
46.1875;267;14;16;85;5;3101;888;10;7951
36;321;14;12;33;3;4104;555;20;7033
3.855555556;263;2;18;85;8;3101;888;10;8607
36.8625;321;14;15;113;3;4104;160;20;7343
63.4125;267;14;12;85;5;3101;92;60;6073
0.45;263;2;18;85;7;3101;888;20;6926
0.366666667;263;36;15;24;8;3101;888;20;7630
42.48;521;15;14;597;5;6301;888;40;7045
12.01666667;1065;2;18;834;7;10101;888;10;7986
5.22;267;32;12;24;5;3101;888;20;6566
20.51428571;314;32;16;24;8;4104;888;10;7743
25.55;321;14;12;94;5;6302;888;60;7080
56.38888889;263;2;3;65;5;3101;888;50;5154
32.6875;521;5;1;597;5;6301;888;40;5631
0.5;267;14;12;24;7;3101;555;20;7852
13.76;321;14;4;113;12;4104;888;40;2937
3.433333333;267;32;5;24;12;3101;888;40;2893
0.566666667;263;42;16;24;8;3101;888;10;8204
0.455555556;263;32;16;24;8;3101;888;10;7317
15.5;314;42;12;24;8;4104;33;60;7647
10.46666667;530;28;16;85;8;6203;888;10;8802
7.98;321;32;2;602;8;10101;888;50;5476
32.625;530;28;15;603;5;6203;555;20;5730
20.61428571;530;28;16;603;7;6203;555;20;7409
20.5;263;14;1;85;12;3101;888;40;4362
53.14285714;524;32;15;94;5;6301;888;40;6458
25.925;321;14;127;113;5;6302;888;40;5314
0.4125;263;14;2;65;12;3101;888;20;3786
9.24;321;14;3;113;12;4104;888;10;2937
19.61111111;263;14;2;85;12;3101;888;20;4673
39.42;321;14;2;24;8;4104;888;20;5895
21.5;513;2;15;595;7;6301;160;20;7566
20.86;321;14;12;113;5;6302;91;60;6468
3.04;290;2;15;747;8;10101;10;10;8365
0.455555556;263;14;18;65;7;3101;888;10;8119
30.86;521;15;3;598;12;6301;888;40;6388
16.83;263;14;2;24;12;3101;888;20;5211
47.95;267;14;12;85;5;3101;92;50;5399
7.35;1065;2;15;834;8;10101;10;20;7673
15.66;267;17;16;85;5;3101;888;10;5764
11.95;508;14;3;94;7;6302;888;40;3011
3.913333333;267;42;3;24;8;3101;888;50;5732
6.94;321;32;3;85;12;6203;888;40;3217
13.41666667;321;32;3;85;12;6203;888;40;3544
24.8;267;14;12;85;5;3101;999;40;6626
3.2;263;2;17;65;7;3101;888;10;8090
16.36;521;14;15;94;5;6301;888;10;6817
0.45;508;14;15;585;7;6302;888;40;6917
40.75;521;5;2;597;5;6301;888;40;6795
18.86666667;321;32;3;85;12;6203;888;20;4304
0.411111111;263;32;3;33;7;3101;555;20;4990
8.683333333;521;34;15;596;7;6301;555;10;7337
8.51;469;5;3;597;7;6301;888;40;5195
75.25;267;17;16;85;7;3101;888;10;7965
28;521;15;12;598;12;6301;888;10;5502
4.8;263;5;15;24;5;3101;888;40;7249
26.02222222;267;17;17;24;7;3101;888;40;7164
16.56666667;267;5;16;85;5;3101;888;10;8717
10.25;559;2;17;615;8;6202;888;10;8761
72.55;282;15;13;94;12;3103;999;20;6816
9.177777778;263;14;3;85;5;3101;888;10;7506
17.575;321;32;16;113;8;6203;888;20;8014
36;263;14;12;85;5;3101;888;50;4535
51.01666667;267;14;12;85;5;3101;31;60;5735
36.78571429;263;2;18;85;7;3101;888;10;7276
36.6;324;26;2;516;5;4104;888;40;5668
34.44;263;14;14;65;5;3101;555;20;5480
38.3375;267;14;15;85;5;3101;555;20;6561
1.3;267;14;12;85;5;3101;888;60;6076
46.91111111;267;15;21;526;5;3101;888;10;7049
33.03;267;14;12;520;5;3103;33;60;5118
1.066666667;267;5;11;24;5;3101;888;40;7028
3.7;267;32;3;94;12;3101;888;20;4038
7.1;263;14;10;24;12;3101;888;40;4124
51.1875;267;32;12;24;5;3101;92;60;5867
35.14;267;32;12;24;5;3101;999;40;8428
8.8;469;5;2;24;7;6301;888;20;5264
21.15;263;14;2;24;13;3101;888;20;5528
27.03333333;263;14;2;85;12;3101;888;20;5532
23.3;521;34;15;597;5;6301;10;20;7355
36.66666667;324;26;12;516;5;4104;41;60;6174
0.42;521;22;3;597;13;6301;888;20;6290
3.84;521;22;3;597;13;6301;888;20;6290
9.19;314;32;16;24;8;4104;888;10;8665
15.45;321;14;15;24;8;6203;10;20;7191
58.47777778;267;32;12;94;12;3101;888;10;6017
23.775;521;34;3;597;7;6301;888;40;5410
33.6;324;32;12;579;7;4104;555;20;5341
37.54444444;324;32;12;579;7;4104;34;20;6360
26.2;267;5;16;24;5;3101;888;10;8458
8.4;498;2;17;659;7;10101;888;10;8875
3.32;1068;2;17;762;8;10101;888;10;7738
18.1875;521;5;15;596;5;6301;10;20;7196
16.8;267;17;2;94;5;3101;888;40;6222
61.8125;267;14;12;85;5;3101;31;20;6292
45.38571429;267;14;12;94;5;3106;888;50;5154
18.8375;267;14;2;24;5;3101;888;40;6095
48.1;263;14;2;24;8;3101;888;40;4071
5.8625;469;17;15;597;5;6301;888;20;6759
19.4875;321;14;12;85;8;6203;34;60;7152
21.4;263;14;11;85;13;3101;888;40;6827
7.5;521;34;2;24;7;6301;888;40;3279
10.7;469;5;3;24;7;6301;888;40;4064
20.275;321;14;3;113;8;6203;888;20;3879
21.04;321;32;12;602;8;6203;33;60;5486
37.4;321;14;12;24;8;6203;999;60;7192
4.3125;469;14;14;834;8;10101;555;20;6749
11.1875;1068;2;17;762;8;10101;888;10;7523
20.66666667;263;2;3;65;7;3101;888;50;5578
7.94;263;14;10;85;13;3101;888;20;8247
23.15714286;321;14;15;85;8;6203;999;60;7367
21.9875;321;14;12;85;8;6203;10;20;6731
4.15;324;22;3;24;12;4104;888;40;3651
35.45;524;14;15;94;5;6301;555;20;7401
0.3;321;32;12;113;7;6203;999;60;6664
0.525;263;14;16;85;7;3101;888;10;6460
53.41428571;521;17;12;596;5;6301;555;20;6502
17.9375;469;5;15;597;5;6301;10;20;7095
0.6125;267;32;3;24;12;3101;888;40;4216
22.325;267;5;16;85;5;3101;888;10;8345
47.9125;521;14;12;597;5;6301;555;20;6672
0.88;521;32;3;24;5;6301;888;40;5470
11.1;267;32;16;602;12;6202;888;10;6599
0.5;263;14;3;24;12;3101;888;50;4738
19.84444444;263;14;12;24;5;3101;999;20;6325
39.64;1065;2;13;834;8;10101;555;20;6919
5.855555556;263;5;2;24;5;3101;888;40;4438
16.175;267;5;16;85;5;3101;888;10;8372
9.4;469;5;2;24;7;6301;888;40;4671
44.26;521;34;12;597;12;6301;10;20;6892
25.94444444;495;28;2;579;5;6402;888;30;6106
28.71111111;324;5;3;24;5;4104;888;20;5358
32.01428571;508;2;15;585;5;6301;160;20;6683
45.8875;282;17;13;791;12;3106;160;20;7266
28.82;282;17;13;796;12;3106;999;20;7589
9.4125;256;14;2;583;7;3103;888;10;8031
50.61428571;256;14;15;519;12;3103;555;20;7182
5.84;1065;2;18;834;8;10101;888;10;7795
19.89;544;28;16;602;5;6203;888;20;8492
4.677777778;537;28;16;602;7;6203;888;10;8753
8.95625;559;2;16;608;8;3103;888;20;8667
4.15;1068;2;17;807;7;3103;888;10;8927
4.7;557;14;16;607;7;3103;888;10;8893
3.84;290;2;15;752;8;10101;888;20;8209
4.661538462;503;3;17;807;8;10101;888;10;8282
10.16666667;1068;2;17;752;8;10101;888;10;8640
4.366666667;1068;2;17;752;8;10101;888;10;8751
2.985714286;1068;2;17;752;8;10101;888;20;8286
3.733333333;1065;2;17;834;8;10101;888;10;8271
5.54;1065;2;17;834;8;10101;888;10;8079
3.525;557;4;17;612;7;6202;888;10;7928
7.7;290;2;17;834;8;10101;888;10;7739
30.55;544;17;15;602;8;6203;555;20;7607
7.095238095;557;14;16;612;7;3103;888;10;8517
7.375;559;2;15;612;7;6202;555;20;8417
4.475;559;3;17;615;7;6202;888;10;8375
8.425;557;3;17;612;7;6202;888;10;8007
1.171428571;557;2;17;612;7;6202;888;10;8117
50;537;28;17;602;5;6203;888;10;7558
70.22857143;530;17;12;94;5;6203;555;20;8500
17.875;286;2;17;515;7;6402;888;10;8436
51.45714286;521;32;12;597;7;6301;888;20;6162
72.505;524;17;12;598;5;6301;888;60;5969
7.7;290;14;15;223;7;6402;10;20;7890
42.6875;521;32;15;596;5;6301;888;20;7274
75.9;311;14;15;516;8;4101;888;20;7417
14.525;495;32;15;579;7;6402;555;10;7775
37.7;521;5;11;597;5;6301;888;20;6963
9.733333333;495;32;16;579;7;6402;888;20;8109
22.74444444;495;28;16;579;7;6402;888;20;7068
21.5;299;14;17;317;7;4104;888;10;7276
28.8875;544;32;12;604;5;6203;10;20;6566
4.411111111;505;2;16;583;7;6302;888;10;8431
31.73333333;557;34;17;612;5;6201;888;10;7994
27.86;544;28;15;607;7;6203;888;20;7123
33.8;524;2;12;597;5;6301;34;60;7145
18.44444444;576;2;15;583;7;6302;10;20;7978
25.116;495;5;16;579;8;6402;888;10;8092
54.08;544;32;2;603;7;6203;555;10;7271
5.6;1068;2;17;752;7;10101;888;10;8320
2.9;290;2;15;845;8;10101;888;10;7722
5.02;1065;2;17;833;8;10101;888;10;8910
23.575;508;2;15;585;7;6302;10;20;7229
16.25;286;17;15;514;5;6402;10;20;7960
45.86666667;286;17;12;514;5;6402;10;20;6148
7.5;517;2;13;596;5;6301;110;40;7257
14.2;469;17;12;579;7;6402;888;20;7719
14.492;495;32;2;579;7;6402;888;40;6908
33.76;286;17;2;514;8;4101;888;10;7308
14.04;515;2;15;596;7;6301;888;20;6774
14.31666667;515;2;18;596;7;6301;888;10;7392
8.3;299;14;15;317;7;4104;10;20;7327
27.775;544;28;15;607;5;6203;160;20;7276
43.62;535;28;2;604;7;6203;888;20;6792
6.175;515;2;17;596;7;6301;888;10;8216
6.28;1065;2;18;834;8;10101;888;10;8439
4.52;502;2;15;608;8;3103;888;10;7837
9.066666667;557;32;15;608;7;3103;10;20;8260
2.8125;559;2;17;615;8;6202;888;10;8168
6.7;573;17;12;583;7;6402;33;60;6694
7.088888889;557;2;17;610;7;6201;888;10;8779
36.3875;521;17;15;597;12;6301;10;20;6974
22.22;303;5;2;579;7;6402;888;20;7624
7.35;286;17;16;514;8;4101;888;10;8867
1.916666667;515;5;17;596;7;6301;888;10;8212
4.08;1065;3;17;615;7;10101;888;10;7461
14.9;537;28;15;603;7;6203;555;20;7966
44.21428571;530;28;15;603;7;6203;10;20;7814
22.05333333;530;34;12;598;5;6203;31;60;6983
4.49375;1065;2;18;833;8;10101;888;10;8092
2.59;299;4;3;317;8;4103;888;20;6956
0.6;263;5;3;24;12;3101;888;40;4810
22.7;263;14;2;85;12;3101;888;40;6778
0.971428571;515;2;16;596;7;6301;888;10;7894
0.5;263;5;3;24;12;3101;888;40;5816
38.47777778;324;26;3;516;5;4104;888;20;5257
10.74285714;321;2;12;24;7;10101;10;20;7465
22.23333333;569;32;3;24;12;6402;888;40;4799
32.725;524;2;12;598;5;6301;41;60;6544
26.3625;469;32;3;24;12;6301;888;40;2028
38.41111111;324;26;12;94;5;4104;92;60;5426
8.48;1068;2;17;747;8;10101;888;10;8577
36.86666667;267;5;12;33;5;3101;888;60;6857
1.177777778;263;36;12;33;7;3101;888;60;5830
0.62;263;32;3;65;7;3101;888;40;5643
0.5;263;5;3;24;12;3101;888;20;7154
8.4;265;32;3;659;12;10101;888;40;4092
0.5;263;32;12;24;5;3101;10;20;6692
25.3;521;22;1;597;13;6301;888;40;4278
4.8875;559;2;18;615;7;6201;888;10;8667
6.466666667;559;2;15;615;7;6201;160;60;7885
39.7;521;14;3;598;5;6301;888;40;4471
6.1;530;32;3;603;5;6203;888;40;5720
8.323529412;502;2;16;615;7;6201;888;20;8328
7.75;548;4;16;610;7;6201;888;10;7882
35.05714286;263;14;12;85;5;3101;888;50;5385
13.01875;559;2;18;807;7;6201;888;10;8823
40.42222222;263;14;15;85;5;3101;999;20;5889
42.05;263;14;11;85;5;3101;888;20;5862
1.5875;263;5;12;24;5;3101;92;60;7029
8.025;267;5;3;85;8;3101;888;40;4644
12.2;267;5;3;85;8;3101;888;20;6115
4.622222222;263;2;17;85;7;3101;555;20;7888
11.8;267;5;2;85;8;3101;888;20;6746
0.966666667;263;14;16;85;7;3101;888;20;8820
13.27777778;263;14;12;24;5;3101;999;40;4836
17.58888889;263;14;3;65;7;3101;888;40;4882
54.62222222;263;14;3;85;5;3101;888;40;4635
67.26666667;263;14;11;24;5;3101;888;20;5168
32.18888889;263;2;12;65;7;3101;888;40;7604
0.525;263;22;3;85;13;3101;888;10;4645
4;263;22;1;65;13;3101;888;10;4321
57.78888889;267;5;12;85;5;3101;888;60;6060
32.15;267;5;12;752;5;10101;33;60;5931
2.48;263;14;4;65;13;3101;888;20;4508
14.38333333;521;22;3;597;13;6301;888;40;2561
0.5;263;14;3;65;13;3101;888;10;5106
78;263;14;12;65;5;3101;60;50;5258
53.97692308;263;14;2;24;5;3101;888;50;5025
38.76666667;263;2;12;65;5;3101;888;40;4578
0.528571429;263;32;12;33;5;3101;31;60;6219
0.5;263;32;2;836;5;3101;888;40;4240
51.1;263;5;3;24;5;3101;888;40;5509
24.04444444;263;14;3;24;12;3101;888;40;3827
20.75;263;14;2;65;13;3101;888;10;6883
1.1;263;14;11;65;12;3101;888;40;5885
0.5;469;14;3;24;13;6301;888;40;4805
33.3;263;14;12;24;5;3101;888;50;5493
0.5;263;5;2;24;13;3101;888;20;5009
0.888888889;263;5;12;33;5;3101;888;40;6587
5.5;263;14;3;65;13;3101;888;20;5014
51.3875;263;14;3;24;13;3101;888;40;3423
9.133333333;263;14;10;85;13;3101;888;20;6026
54.98;469;2;2;24;5;6301;888;20;4266
21.58;265;29;3;444;5;3101;888;40;4914
19.55789474;263;14;12;24;5;3101;888;10;5668
14.46666667;263;14;12;65;5;3101;888;50;4434
65.74;263;14;1;24;12;3101;888;40;3676
49.18571429;508;15;12;585;5;6302;888;40;5739
13.02;469;32;3;24;12;6301;888;40;3675
9.483333333;469;32;2;24;12;6301;888;40;4297
61.02222222;263;14;12;85;5;3101;160;60;4678
0.5;263;32;15;24;5;3101;10;60;6984
1.5;263;14;10;85;13;3101;888;20;6739
0.633333333;263;32;12;24;5;3101;10;20;6140
12.98888889;263;32;2;33;5;3101;888;20;6576
1.25;263;2;18;65;7;3101;888;10;8326
0.583333333;467;22;1;597;13;6301;888;50;4138
23.58888889;263;14;10;85;12;3101;888;40;5664
29.28571429;521;15;12;597;5;6301;80;50;6471
43.01666667;524;14;12;603;5;6301;80;60;6455
17.98;263;32;12;24;5;3101;888;40;5886
45.33333333;263;14;1;85;12;3101;888;40;4715
31.54210526;263;14;11;65;5;3101;140;40;5037
37.05555556;263;14;16;65;5;3101;888;40;7608
72.15714286;265;14;12;444;5;3101;92;60;5919
42.47777778;263;2;3;24;12;3101;888;40;4293
7.06;263;14;18;65;7;3101;888;10;5488
0.5;263;12;3;33;5;3101;888;40;6745
30.1875;263;14;15;85;5;3101;999;40;5989
12.57692308;263;32;2;24;5;3101;888;40;5716
23.75555556;263;14;3;24;5;3101;888;40;5333
55.47777778;263;14;12;24;5;3101;888;40;5886
11.8;263;5;11;65;13;3101;888;20;6535
46.85;263;14;12;24;5;3101;888;20;5767
21.85;263;2;2;24;12;3101;888;40;4327
55.31111111;265;14;12;834;5;3101;888;40;5636
33.48888889;263;15;2;834;5;3101;888;40;4504
0.685714286;469;22;3;24;13;6301;888;40;4596
38.65555556;263;2;17;65;7;3101;888;10;8166
26.9;263;14;15;65;7;3101;160;60;7657
26.0875;263;2;17;65;7;3101;888;10;7267
73.59;263;14;12;24;5;3101;10;60;5558
46.7;263;14;12;24;5;3101;555;20;6428
10.21666667;469;32;3;24;13;6301;888;40;4781
21.92941176;263;14;12;24;5;3101;888;20;5934
49.625;263;5;2;24;12;3101;888;10;5549
35.3;263;2;18;65;7;3101;888;10;6628
65.11111111;263;14;12;444;5;3101;33;60;5803
33.47777778;263;14;2;24;5;3101;888;60;6125
28.3;263;2;3;65;7;3101;888;20;4230
9.466666667;263;2;17;85;7;3101;888;10;7744
14.74;548;17;3;610;7;6203;888;40;5795
12.3;515;2;15;596;5;6301;555;10;7545
8.8;508;2;3;585;7;6302;888;20;4910
0.5;267;32;12;24;5;3101;92;20;7235
9.866666667;321;42;2;98;12;4101;888;40;6498
7.1625;267;12;15;85;8;3101;555;10;7754
0.5;267;5;15;24;5;3101;555;20;8056
0.566666667;267;32;12;24;5;3101;555;10;6724
50.86;321;12;3;516;5;4104;888;20;5843
15.875;321;14;3;24;8;4104;888;40;3016
0.55;267;32;15;24;5;3101;999;20;6515
49.88;544;32;12;607;5;6203;160;20;7629
0.5;267;32;12;24;5;3101;34;60;6931
1.083333333;469;22;3;24;13;6301;888;40;3342
34.05555556;544;28;11;603;7;6203;888;20;6436
10.1;1065;2;14;615;8;10101;555;20;7629
8.08;267;42;12;24;5;3101;999;40;6647
8.3625;469;32;3;24;12;6301;888;40;4961
34.42222222;495;15;12;579;5;6402;34;50;6102
3.87;467;2;3;612;7;6201;888;40;3028
0.533333333;267;14;16;24;7;3101;888;20;7527
16.18888889;267;14;16;24;7;3101;888;20;7527
11.8375;267;2;10;752;12;10101;888;10;7329
10.825;256;17;13;24;12;3103;110;20;7479
21.8375;321;14;16;98;8;4104;888;10;7887
20.86666667;267;17;17;999;11;3101;888;10;7688
29.45;537;34;16;604;7;6203;888;10;7881
17.46;267;5;12;85;5;3101;999;20;8092
7.45;521;46;17;597;7;6301;888;10;8390
12.73333333;290;17;2;98;8;4101;888;10;4708
29.26;508;2;12;585;7;6302;888;20;6544
26.66666667;321;14;3;24;5;4104;888;40;5005
0.85;521;32;3;597;7;6301;888;20;5753
17.13076923;521;22;10;597;13;6301;888;10;4797
10.75;267;2;16;85;8;3101;888;10;7241
20.68;256;17;13;520;12;3103;110;20;7651
13.65;267;42;2;791;7;3101;888;40;5184
22.175;263;32;16;24;12;3101;888;10;5939
11.35;263;2;3;85;8;3101;888;40;3599
45.22;267;14;12;24;8;3101;888;40;5728
11.475;263;15;16;33;12;3101;888;20;7901
64.975;508;2;15;585;5;6302;555;10;7027
13.38571429;505;17;15;579;7;6302;10;20;7225
10.59375;559;2;17;615;7;6201;888;10;8647
23.75555556;530;14;16;603;5;6203;888;10;6806
51.88888889;530;14;12;94;5;6301;888;40;6571
23.75;469;32;3;607;7;6203;888;40;5801
53.43333333;521;5;3;597;5;6301;555;10;6353
0.6;267;14;16;85;5;3101;888;10;8459
57.23333333;516;2;16;596;7;6301;888;10;8035
14.85;321;14;1;98;8;4104;888;20;4618
4.8;263;12;3;85;5;3101;888;40;7006
32.16;263;32;12;24;5;3101;888;50;6257
21.53333333;524;5;16;94;5;6203;555;20;7281
3.266666667;1068;32;15;752;8;10101;555;10;7705
28.45555556;267;42;12;24;5;3101;999;20;7176
0.5;287;14;1;999;8;4101;888;40;3713
5.7;267;32;15;24;12;3101;555;20;5826
13.08;267;14;16;24;12;3101;888;10;6638
0.5;263;5;3;24;13;3101;888;40;4166
8.6375;263;14;3;85;7;3101;888;40;4396
3.48;524;5;15;598;5;6301;555;20;7030
2.38125;557;3;17;612;8;6202;888;10;7780
19.56666667;530;32;3;602;7;6203;888;40;6744
39.45;469;32;3;596;12;6301;888;40;3574
10.675;524;34;3;598;5;6301;888;20;6660
